Actual,Predicted
6.87,6.129393420339511
17.4,18.841213290222868
46.1,46.30048640551763
